,MSE,R2
0,0.4040429159036827,0.6134227474071305
