,MSE,R2
0,0.8318198935215211,0.23152878804259347
